,year:,make:,model:,trim:,VIN:,condition:,odometer:,cylinders:,color:,transmission:,type:,status:,drive:,fuel:,price:
0,1996.0,Jeep,grand,cherokee,,like,65000,8,green,automatic,SUV,clean,4wd,gas,15000.0
1,1996.0,Jeep,grand,cherokee,,like,65000,8,green,automatic,SUV,clean,4wd,gas,15000.0
2,2012.0,nissan,altima,,,,125000,,white,automatic,,clean,,gas,9500.0
3,2012.0,nissan,altima,,,,125000,,white,automatic,,clean,,gas,9500.0
4,2020.0,Tesla,X,,,like,4578,,grey,automatic,,clean,,electric,90000.0
5,2020.0,Tesla,X,,,like,4578,,grey,automatic,,clean,,electric,90000.0
6,2003.0,Gmc,yukon,xl,,excellent,80000,8,red,automatic,SUV,clean,rwd,gas,9300.0
7,2003.0,Gmc,yukon,xl,,excellent,80000,8,red,automatic,SUV,clean,rwd,gas,9300.0
8,2000.0,Honda,civic,,,good,225000,,,automatic,,clean,,gas,2000.0
9,2000.0,Honda,civic,,,good,225000,,,automatic,,clean,,gas,2000.0
10,2003.0,nissan,altima,,,good,150000,4,silver,automatic,sedan,clean,fwd,gas,2500.0
11,2003.0,nissan,altima,,,good,150000,4,silver,automatic,sedan,clean,fwd,gas,2500.0
12,2008.0,hyundai,elantra,,,good,13454,4,black,automatic,sedan,salvage,fwd,gas,2750.0
13,2008.0,hyundai,elantra,,,good,13454,4,black,automatic,sedan,salvage,fwd,gas,2750.0
14,2012.0,Lexus,ct,200h,,,151000,,,automatic,,clean,,gas,8500.0
15,2012.0,Lexus,ct,200h,,,151000,,,automatic,,clean,,gas,8500.0
16,1946.0,Cadillac,fleetwood,,,,55000,,,manual,,clean,,gas,12000.0
17,1946.0,Cadillac,fleetwood,,,,55000,,,manual,,clean,,gas,12000.0
18,2001.0,Audi,TT,,,good,192000,4,grey,manual,convertible,clean,4wd,gas,5200.0
19,2001.0,Audi,TT,,,good,192000,4,grey,manual,convertible,clean,4wd,gas,5200.0
20,2006.0,Toyota,camry,le,,fair,210000,4,,automatic,,clean,,gas,1500.0
21,2006.0,Toyota,camry,le,,fair,210000,4,,automatic,,clean,,gas,1500.0
22,2006.0,Jeep,wrangler,tj,,excellent,27509,6,silver,manual,SUV,clean,4wd,gas,28500.0
23,2006.0,Jeep,wrangler,tj,,excellent,27509,6,silver,manual,SUV,clean,4wd,gas,28500.0
24,1998.0,Ford,ranger,xlt,,good,223000,6,white,automatic,pickup,clean,rwd,gas,5700.0
25,1998.0,Ford,ranger,xlt,,good,223000,6,white,automatic,pickup,clean,rwd,gas,5700.0
26,2003.0,chevrolet,silverado,SSL,,excellent,98000,8,custom,automatic,truck,clean,4wd,gas,18999.0
27,2003.0,chevrolet,silverado,SSL,,excellent,98000,8,custom,automatic,truck,clean,4wd,gas,18999.0
28,2006.0,Jeep,wrangler,unlimited,,excellent,120000,6,silver,automatic,SUV,clean,4wd,gas,24500.0
29,2006.0,Jeep,wrangler,unlimited,,excellent,120000,6,silver,automatic,SUV,clean,4wd,gas,24500.0
30,2007.0,Gmc,yukon,denali,,good,203000,8,black,automatic,SUV,clean,4wd,gas,7500.0
31,2007.0,Gmc,yukon,denali,,good,203000,8,black,automatic,SUV,clean,4wd,gas,7500.0
32,2011.0,Mazda,3,hatchback,,excellent,75000,,grey,automatic,hatchback,clean,,gas,8000.0
33,2011.0,Mazda,3,hatchback,,excellent,75000,,grey,automatic,hatchback,clean,,gas,8000.0
34,2007.0,Ford,ranger,,,good,234000,6,white,manual,pickup,clean,fwd,gas,3555.0
35,2007.0,Ford,ranger,,,good,234000,6,white,manual,pickup,clean,fwd,gas,3555.0
36,2005.0,Mazda,rx8,,,fair,124931,,red,automatic,coupe,clean,rwd,gas,1000.0
37,2005.0,Mazda,rx8,,,fair,124931,,red,automatic,coupe,clean,rwd,gas,1000.0
38,2008.0,acura,tl,,,good,129,6,silver,automatic,sedan,clean,fwd,gas,7000.0
39,2008.0,acura,tl,,,good,129,6,silver,automatic,sedan,clean,fwd,gas,7000.0
40,2004.0,Gmc,sierra,2500hd,,good,180000,8,custom,automatic,truck,clean,4wd,gas,10000.0
41,2004.0,Gmc,sierra,2500hd,,good,180000,8,custom,automatic,truck,clean,4wd,gas,10000.0
42,2004.0,jaguar,x-type,,SAJEA51CX4WD68508,good,126122,6,black,automatic,sedan,clean,rwd,gas,5000.0
43,2004.0,jaguar,x-type,,SAJEA51CX4WD68508,good,126122,6,black,automatic,sedan,clean,rwd,gas,5000.0
44,1971.0,chevrolet,c10,,,good,115000,,,automatic,,clean,,gas,10500.0
45,1971.0,chevrolet,c10,,,good,115000,,,automatic,,clean,,gas,10500.0
46,2007.0,Lexus,RX400H,,,good,173900,6,grey,automatic,SUV,clean,4wd,gas,6200.0
47,2007.0,Lexus,RX400H,,,good,173900,6,grey,automatic,SUV,clean,4wd,gas,6200.0
48,2012.0,Toyota,tacoma,,,excellent,76000,6,silver,automatic,truck,clean,,gas,26.0
49,2012.0,Toyota,tacoma,,,excellent,76000,6,silver,automatic,truck,clean,,gas,26.0
50,2016.0,lincoln,mkz,4dr,,excellent,36500,6,grey,automatic,sedan,clean,fwd,gas,17400.0
51,2016.0,lincoln,mkz,4dr,,excellent,36500,6,grey,automatic,sedan,clean,fwd,gas,17400.0
52,1997.0,mercedes,c230,,,good,216517,4,blue,automatic,sedan,clean,rwd,gas,2000.0
53,1997.0,mercedes,c230,,,good,216517,4,blue,automatic,sedan,clean,rwd,gas,2000.0
54,2008.0,pontiac,g6,,,good,168000,,black,automatic,sedan,clean,fwd,gas,3000.0
55,2008.0,pontiac,g6,,,good,168000,,black,automatic,sedan,clean,fwd,gas,3000.0
56,2002.0,chevrolet,Trailblazer,LT.,,excellent,142000,6,green,automatic,SUV,clean,4wd,gas,4900.0
57,2002.0,chevrolet,Trailblazer,LT.,,excellent,142000,6,green,automatic,SUV,clean,4wd,gas,4900.0
58,2007.0,mercury,mountaineer,,,like,137000,6,black,automatic,SUV,clean,,gas,5300.0
59,2007.0,mercury,mountaineer,,,like,137000,6,black,automatic,SUV,clean,,gas,5300.0
60,2005.0,Audi,A4,1.8t,WAUAC48H65K011414,excellent,142976,4,silver,automatic,convertible,clean,fwd,gas,5000.0
61,2005.0,Audi,A4,1.8t,WAUAC48H65K011414,excellent,142976,4,silver,automatic,convertible,clean,fwd,gas,5000.0
62,2011.0,Honda,CRZ,,,excellent,53000,4,red,automatic,coupe,clean,fwd,gas,9500.0
63,2011.0,Honda,CRZ,,,excellent,53000,4,red,automatic,coupe,clean,fwd,gas,9500.0
64,2000.0,subaru,forester,,,,207000,4,,manual,,clean,,gas,2250.0
65,2000.0,subaru,forester,,,,207000,4,,manual,,clean,,gas,2250.0
66,2013.0,mercedes,benz,,,excellent,121680,6,black,automatic,sedan,clean,,gas,12000.0
67,2013.0,mercedes,benz,,,excellent,121680,6,black,automatic,sedan,clean,,gas,12000.0
68,2020.0,Toyota,tacoma,,,like,3152,6,,automatic,truck,lien,4wd,gas,46500.0
69,2020.0,Toyota,tacoma,,,like,3152,6,,automatic,truck,lien,4wd,gas,46500.0
70,2013.0,Audi,Q7,,WA1LMAFE1DD005260,,127500,,,automatic,,clean,,diesel,18000.0
71,2013.0,Audi,Q7,,WA1LMAFE1DD005260,,127500,,,automatic,,clean,,diesel,18000.0
72,1964.0,chevrolet,el,camino,,fair,10000,8,grey,manual,truck,clean,rwd,gas,10000.0
73,1964.0,chevrolet,el,camino,,fair,10000,8,grey,manual,truck,clean,rwd,gas,10000.0
74,1990.0,Bmw,325i,,,good,159700,6,blue,manual,sedan,clean,rwd,gas,10000.0
75,1990.0,Bmw,325i,,,good,159700,6,blue,manual,sedan,clean,rwd,gas,10000.0
78,2001.0,chevrolet,impala,,,good,200000,6,brown,automatic,sedan,clean,,gas,1700.0
79,2001.0,chevrolet,impala,,,good,200000,6,brown,automatic,sedan,clean,,gas,1700.0
80,1979.0,Jeep,cj5,,,good,155000,6,,manual,,clean,,gas,6000.0
81,1979.0,Jeep,cj5,,,good,155000,6,,manual,,clean,,gas,6000.0
82,1998.0,Honda,civic,hx,,excellent,180000,4,black,automatic,coupe,clean,fwd,gas,3700.0
83,1998.0,Honda,civic,hx,,excellent,180000,4,black,automatic,coupe,clean,fwd,gas,3700.0
84,2004.0,Gmc,yukon,,,good,178000,,,automatic,,clean,,gas,5500.0
85,2004.0,Gmc,yukon,,,good,178000,,,automatic,,clean,,gas,5500.0
86,1964.0,AMC,American,,,fair,89000,6,,automatic,convertible,missing,rwd,gas,2600.0
87,1964.0,AMC,American,,,fair,89000,6,,automatic,convertible,missing,rwd,gas,2600.0
88,2011.0,Honda,Odyssey,EX-L,,excellent,72400,6,blue,automatic,mini-van,clean,fwd,gas,13400.0
89,2011.0,Honda,Odyssey,EX-L,,excellent,72400,6,blue,automatic,mini-van,clean,fwd,gas,13400.0
90,2017.0,Gmc,acadia,,,like,48000,6,white,automatic,SUV,clean,,gas,23000.0
91,2017.0,Gmc,acadia,,,like,48000,6,white,automatic,SUV,clean,,gas,23000.0
92,1992.0,Ford,f350,regular,,good,300000,8,,other,truck,salvage,rwd,diesel,1.0
93,1992.0,Ford,f350,regular,,good,300000,8,,other,truck,salvage,rwd,diesel,1.0
94,2012.0,volvo,xc60,,,excellent,77000,6,blue,automatic,SUV,clean,fwd,gas,13000.0
95,2012.0,volvo,xc60,,,excellent,77000,6,blue,automatic,SUV,clean,fwd,gas,13000.0
96,2007.0,Volkswagen,Beetle,,,good,112000,,,automatic,,clean,,gas,4600.0
97,2007.0,Volkswagen,Beetle,,,good,112000,,,automatic,,clean,,gas,4600.0
98,2016.0,chevrolet,sonic,LS,,,38169,,,automatic,hatchback,clean,,gas,8300.0
99,2016.0,chevrolet,sonic,LS,,,38169,,,automatic,hatchback,clean,,gas,8300.0
100,2003.0,Honda,civic,,,good,225000,4,silver,manual,sedan,clean,fwd,gas,2250.0
101,2003.0,Honda,civic,,,good,225000,4,silver,manual,sedan,clean,fwd,gas,2250.0
102,2011.0,Ford,fiesta,,,,128345,,,manual,,clean,,gas,4000.0
103,2011.0,Ford,fiesta,,,,128345,,,manual,,clean,,gas,4000.0
104,2012.0,hyundai,sonata,,5NPEB4AC2BH234789,excellent,110000,4,,automatic,,clean,fwd,gas,6200.0
105,2012.0,hyundai,sonata,,5NPEB4AC2BH234789,excellent,110000,4,,automatic,,clean,fwd,gas,6200.0
106,1996.0,Toyota,Corolla,,,good,232678,4,green,automatic,sedan,clean,fwd,gas,900.0
107,1996.0,Toyota,Corolla,,,good,232678,4,green,automatic,sedan,clean,fwd,gas,900.0
108,2007.0,Toyota,avalon,,,excellent,174000,6,,automatic,,salvage,,gas,4500.0
109,2007.0,Toyota,avalon,,,excellent,174000,6,,automatic,,salvage,,gas,4500.0
110,2014.0,nissan,sentra,,,excellent,83000,4,grey,automatic,sedan,clean,,gas,7500.0
111,2014.0,nissan,sentra,,,excellent,83000,4,grey,automatic,sedan,clean,,gas,7500.0
114,2010.0,dodge,grand,caravan,,,140000,,,automatic,,clean,,gas,4900.0
115,2010.0,dodge,grand,caravan,,,140000,,,automatic,,clean,,gas,4900.0
116,1970.0,Volkswagen,beetle,,,excellent,150000,,blue,manual,coupe,clean,,gas,11000.0
117,1970.0,Volkswagen,beetle,,,excellent,150000,,blue,manual,coupe,clean,,gas,11000.0
118,2015.0,chevrolet,camaro,2ss,2G1FK1EJ6F9301648,excellent,109000,,custom,manual,coupe,lien,,gas,25000.0
119,2015.0,chevrolet,camaro,2ss,2G1FK1EJ6F9301648,excellent,109000,,custom,manual,coupe,lien,,gas,25000.0
120,2018.0,Volkswagen,passat,,,like,26000,,red,automatic,sedan,clean,rwd,gas,19990.0
121,2018.0,Volkswagen,passat,,,like,26000,,red,automatic,sedan,clean,rwd,gas,19990.0
124,2002.0,subaru,wrx,,,good,235000,,,automatic,,clean,,gas,3500.0
125,2002.0,subaru,wrx,,,good,235000,,,automatic,,clean,,gas,3500.0
126,2011.0,nissan,leaf,,,,68000,,,automatic,,clean,,electric,4500.0
127,2011.0,nissan,leaf,,,,68000,,,automatic,,clean,,electric,4500.0
128,2000.0,Toyota,4runner,,,good,192000,6,white,automatic,SUV,clean,rwd,gas,6750.0
129,2000.0,Toyota,4runner,,,good,192000,6,white,automatic,SUV,clean,rwd,gas,6750.0
130,1999.0,chevrolet,corvette,z51,,good,99700,8,blue,automatic,coupe,clean,rwd,gas,12500.0
131,1999.0,chevrolet,corvette,z51,,good,99700,8,blue,automatic,coupe,clean,rwd,gas,12500.0
132,2013.0,subaru,impreza,wrx,JF1GR7E64DG832485,excellent,102600,4,grey,manual,hatchback,clean,4wd,gas,16700.0
133,2013.0,subaru,impreza,wrx,JF1GR7E64DG832485,excellent,102600,4,grey,manual,hatchback,clean,4wd,gas,16700.0
134,2012.0,nissan,altima,,,excellent,58000,,silver,automatic,sedan,clean,,gas,9500.0
135,2012.0,nissan,altima,,,excellent,58000,,silver,automatic,sedan,clean,,gas,9500.0
136,2019.0,dodge,charger,srt,,excellent,15400,8,grey,automatic,sedan,clean,rwd,gas,60000.0
137,2019.0,dodge,charger,srt,,excellent,15400,8,grey,automatic,sedan,clean,rwd,gas,60000.0
138,1991.0,Toyota,truck,,,excellent,230000,4,,manual,pickup,clean,rwd,gas,3350.0
139,1991.0,Toyota,truck,,,excellent,230000,4,,manual,pickup,clean,rwd,gas,3350.0
140,2006.0,Bmw,325i,,,excellent,112000,6,silver,automatic,,salvage,,gas,4000.0
141,2006.0,Bmw,325i,,,excellent,112000,6,silver,automatic,,salvage,,gas,4000.0
142,2007.0,Lexus,gx,470,,good,174000,8,blue,automatic,SUV,clean,4wd,gas,15500.0
143,2007.0,Lexus,gx,470,,good,174000,8,blue,automatic,SUV,clean,4wd,gas,15500.0
144,2007.0,Suzuki,Forenza,,,excellent,113780,4,red,manual,sedan,clean,fwd,gas,2300.0
145,2007.0,Suzuki,Forenza,,,excellent,113780,4,red,manual,sedan,clean,fwd,gas,2300.0
146,2014.0,volkswagen,gti,,,excellent,58000,4,black,automatic,hatchback,clean,fwd,gas,13550.0
147,2014.0,volkswagen,gti,,,excellent,58000,4,black,automatic,hatchback,clean,fwd,gas,13550.0
148,2012.0,Toyota,Tacoma,,3TMLU4ENXCM097156,excellent,95000,6,grey,automatic,pickup,clean,4wd,gas,27700.0
149,2012.0,Toyota,Tacoma,,3TMLU4ENXCM097156,excellent,95000,6,grey,automatic,pickup,clean,4wd,gas,27700.0
150,2013.0,Mini,cooper,s,,excellent,68143,4,grey,automatic,coupe,clean,fwd,gas,12275.0
151,2013.0,Mini,cooper,s,,excellent,68143,4,grey,automatic,coupe,clean,fwd,gas,12275.0
152,2009.0,cadillac,cts,,,excellent,180000,6,black,automatic,sedan,clean,rwd,gas,4500.0
153,2009.0,cadillac,cts,,,excellent,180000,6,black,automatic,sedan,clean,rwd,gas,4500.0
154,2014.0,Ford,e350,cargo,,good,92500,8,white,automatic,van,clean,rwd,gas,13500.0
155,2014.0,Ford,e350,cargo,,good,92500,8,white,automatic,van,clean,rwd,gas,13500.0
156,1974.0,chevrolet,k10,4x4,,good,11234,8,orange,automatic,truck,clean,4wd,gas,6995.0
157,1974.0,chevrolet,k10,4x4,,good,11234,8,orange,automatic,truck,clean,4wd,gas,6995.0
158,2015.0,chrysler,200,,,excellent,54420,4,black,automatic,sedan,clean,fwd,gas,9000.0
159,2015.0,chrysler,200,,,excellent,54420,4,black,automatic,sedan,clean,fwd,gas,9000.0
160,2001.0,Mercedes,Benz,E,,excellent,130131,4,yellow,automatic,sedan,clean,rwd,gas,4000.0
161,2001.0,Mercedes,Benz,E,,excellent,130131,4,yellow,automatic,sedan,clean,rwd,gas,4000.0
162,2008.0,Bmw,335i,,WBAWB73568P038742,excellent,139000,6,black,automatic,coupe,clean,rwd,gas,9500.0
163,2008.0,Bmw,335i,,WBAWB73568P038742,excellent,139000,6,black,automatic,coupe,clean,rwd,gas,9500.0
164,1998.0,mecury,mountaineer,,,fair,118155,6,red,automatic,SUV,clean,rwd,gas,750.0
165,1998.0,mecury,mountaineer,,,fair,118155,6,red,automatic,SUV,clean,rwd,gas,750.0
166,2007.0,Honda,civic,hybrid,,good,243751,4,silver,automatic,sedan,clean,fwd,gas,2600.0
167,2007.0,Honda,civic,hybrid,,good,243751,4,silver,automatic,sedan,clean,fwd,gas,2600.0
168,2004.0,Bmw,330i,,,excellent,8000,6,blue,manual,wagon,clean,rwd,gas,6500.0
169,2004.0,Bmw,330i,,,excellent,8000,6,blue,manual,wagon,clean,rwd,gas,6500.0
170,1998.0,Dodge,Ram,,,good,135000,8,,automatic,,clean,4wd,gas,7500.0
171,1998.0,Dodge,Ram,,,good,135000,8,,automatic,,clean,4wd,gas,7500.0
172,2012.0,Honda,Accord,SE,,excellent,66200,4,black,automatic,sedan,clean,rwd,gas,11000.0
173,2012.0,Honda,Accord,SE,,excellent,66200,4,black,automatic,sedan,clean,rwd,gas,11000.0
174,2009.0,Ford,crown,victoria,,good,123000,8,white,automatic,sedan,clean,rwd,gas,3900.0
175,2009.0,Ford,crown,victoria,,good,123000,8,white,automatic,sedan,clean,rwd,gas,3900.0
176,1999.0,Acura,3.0,CL,,,125000,6,,automatic,coupe,clean,fwd,gas,3000.0
177,1999.0,Acura,3.0,CL,,,125000,6,,automatic,coupe,clean,fwd,gas,3000.0
178,1998.0,"Buick,","Century,",Limited,,excellent,190725,6,silver,automatic,sedan,clean,,gas,2600.0
179,1998.0,"Buick,","Century,",Limited,,excellent,190725,6,silver,automatic,sedan,clean,,gas,2600.0
180,2008.0,Bmw,750li,,WBAHN83538DT79121,good,121000,8,grey,automatic,sedan,clean,rwd,gas,7900.0
181,2008.0,Bmw,750li,,WBAHN83538DT79121,good,121000,8,grey,automatic,sedan,clean,rwd,gas,7900.0
182,2015.0,Mitsubishi,Lancer,,,like,75000,4,grey,automatic,sedan,clean,fwd,gas,8500.0
183,2015.0,Mitsubishi,Lancer,,,like,75000,4,grey,automatic,sedan,clean,fwd,gas,8500.0
184,2004.0,Honda,accord,,,excellent,80000,,,automatic,,salvage,,gas,3500.0
185,2004.0,Honda,accord,,,excellent,80000,,,automatic,,salvage,,gas,3500.0
186,2011.0,Subaru,WRX,,,good,87200,4,grey,manual,hatchback,clean,,gas,17000.0
187,2011.0,Subaru,WRX,,,good,87200,4,grey,manual,hatchback,clean,,gas,17000.0
188,2004.0,Gmc,yukon,denali,,excellent,120000,8,,automatic,,salvage,,gas,4500.0
189,2004.0,Gmc,yukon,denali,,excellent,120000,8,,automatic,,salvage,,gas,4500.0
190,2008.0,Honda,accord,,,good,114400,4,grey,automatic,,clean,fwd,gas,5700.0
191,2008.0,Honda,accord,,,good,114400,4,grey,automatic,,clean,fwd,gas,5700.0
192,2007.0,Bmw,525i,,,like,78400,6,grey,automatic,sedan,clean,,gas,9100.0
193,2007.0,Bmw,525i,,,like,78400,6,grey,automatic,sedan,clean,,gas,9100.0
194,2006.0,infinity,i35,,,good,188000,6,white,automatic,coupe,clean,fwd,gas,3000.0
195,2006.0,infinity,i35,,,good,188000,6,white,automatic,coupe,clean,fwd,gas,3000.0
196,2002.0,Toyota,tacoma,,,good,206500,4,,automatic,,clean,,gas,8000.0
197,2002.0,Toyota,tacoma,,,good,206500,4,,automatic,,clean,,gas,8000.0
198,2003.0,Bmw,325i,,,good,163639,6,blue,automatic,,clean,,gas,2800.0
199,2003.0,Bmw,325i,,,good,163639,6,blue,automatic,,clean,,gas,2800.0
200,2003.0,nissan,altima,,,good,166600,6,green,automatic,sedan,clean,rwd,gas,4500.0
201,2003.0,nissan,altima,,,good,166600,6,green,automatic,sedan,clean,rwd,gas,4500.0
202,1999.0,Mercedes,Benz,ML430,,good,155000,,silver,automatic,SUV,clean,,gas,3000.0
203,1999.0,Mercedes,Benz,ML430,,good,155000,,silver,automatic,SUV,clean,,gas,3000.0
204,1991.0,Mazda,mx-5,miata,,excellent,151000,4,green,manual,convertible,clean,rwd,gas,12700.0
205,1991.0,Mazda,mx-5,miata,,excellent,151000,4,green,manual,convertible,clean,rwd,gas,12700.0
206,1962.0,convertible,VW,bug,,,200,,,manual,,clean,,gas,25000.0
207,1962.0,convertible,VW,bug,,,200,,,manual,,clean,,gas,25000.0
208,2005.0,Gmc,sierra,,,good,93876,8,red,automatic,truck,clean,,gas,10700.0
209,2005.0,Gmc,sierra,,,good,93876,8,red,automatic,truck,clean,,gas,10700.0
210,2011.0,Audi,a4,2.0t,,good,130790,4,black,automatic,sedan,clean,4wd,gas,6995.0
211,2011.0,Audi,a4,2.0t,,good,130790,4,black,automatic,sedan,clean,4wd,gas,6995.0
212,2013.0,Acura,TSX,,,,119000,,,automatic,,clean,,gas,13000.0
213,2013.0,Acura,TSX,,,,119000,,,automatic,,clean,,gas,13000.0
214,1997.0,Ford,expedition,,,excellent,32000,8,,automatic,,clean,rwd,gas,18000.0
215,1997.0,Ford,expedition,,,excellent,32000,8,,automatic,,clean,rwd,gas,18000.0
216,2002.0,Lexus,Is300,,,,228000,6,grey,automatic,sedan,clean,rwd,gas,4500.0
217,2002.0,Lexus,Is300,,,,228000,6,grey,automatic,sedan,clean,rwd,gas,4500.0
218,2006.0,Bmw,5,series,,excellent,240000,6,,automatic,sedan,clean,,gas,4899.0
219,2006.0,Bmw,5,series,,excellent,240000,6,,automatic,sedan,clean,,gas,4899.0
220,2007.0,Bmw,550i,,,fair,150000,8,grey,automatic,,salvage,rwd,gas,2500.0
221,2007.0,Bmw,550i,,,fair,150000,8,grey,automatic,,salvage,rwd,gas,2500.0
222,2012.0,Ford,focus,,,good,131000,,silver,automatic,sedan,clean,4wd,gas,4500.0
223,2012.0,Ford,focus,,,good,131000,,silver,automatic,sedan,clean,4wd,gas,4500.0
224,2007.0,nissan,frontier,le,,good,198000,4,white,automatic,truck,clean,fwd,gas,5000.0
225,2007.0,nissan,frontier,le,,good,198000,4,white,automatic,truck,clean,fwd,gas,5000.0
226,1998.0,subaru,forester,,,,240000,,,manual,,clean,,gas,1200.0
227,1998.0,subaru,forester,,,,240000,,,manual,,clean,,gas,1200.0
228,2005.0,Nissan,Ultima,,,excellent,85000,4,,automatic,,clean,,gas,4200.0
229,2005.0,Nissan,Ultima,,,excellent,85000,4,,automatic,,clean,,gas,4200.0
230,2010.0,Bmw,128i,convertible,,,107000,,,automatic,,clean,,gas,6000.0
231,2010.0,Bmw,128i,convertible,,,107000,,,automatic,,clean,,gas,6000.0
232,2008.0,Mercedes,Benz,E350,WDBUF56X38B283400,excellent,101988,6,white,automatic,sedan,clean,rwd,gas,8500.0
233,2008.0,Mercedes,Benz,E350,WDBUF56X38B283400,excellent,101988,6,white,automatic,sedan,clean,rwd,gas,8500.0
234,2002.0,Honda,civic,si,,excellent,236586,4,silver,manual,hatchback,clean,fwd,gas,5300.0
235,2002.0,Honda,civic,si,,excellent,236586,4,silver,manual,hatchback,clean,fwd,gas,5300.0
238,2003.0,jaguar,s-type,,,good,130000,8,white,automatic,,clean,4wd,gas,2700.0
239,2003.0,jaguar,s-type,,,good,130000,8,white,automatic,,clean,4wd,gas,2700.0
242,2015.0,Audi,a4,,,salvage,35000,4,white,automatic,sedan,salvage,fwd,gas,17000.0
243,2015.0,Audi,a4,,,salvage,35000,4,white,automatic,sedan,salvage,fwd,gas,17000.0
244,1979.0,Jeep,CJ5,,,excellent,58000,6,black,manual,offroad,clean,4wd,gas,11500.0
245,1979.0,Jeep,CJ5,,,excellent,58000,6,black,manual,offroad,clean,4wd,gas,11500.0
246,1966.0,Ford,fairlane,,,,62000,,,manual,,clean,,gas,15.0
247,1966.0,Ford,fairlane,,,,62000,,,manual,,clean,,gas,15.0
248,2014.0,Mazda,mazda3,i,JM1BM1U71E1198955,excellent,83434,4,grey,automatic,sedan,clean,fwd,gas,9500.0
249,2014.0,Mazda,mazda3,i,JM1BM1U71E1198955,excellent,83434,4,grey,automatic,sedan,clean,fwd,gas,9500.0
250,2012.0,Gmc,acadia,,,good,121706,6,brown,automatic,other,clean,,gas,10900.0
251,2012.0,Gmc,acadia,,,good,121706,6,brown,automatic,other,clean,,gas,10900.0
252,2014.0,Honda,accord,sport,,like,72000,4,grey,automatic,sedan,clean,fwd,gas,14500.0
253,2014.0,Honda,accord,sport,,like,72000,4,grey,automatic,sedan,clean,fwd,gas,14500.0
254,2006.0,Ford,f-150,lariat,,excellent,148000,8,custom,automatic,truck,clean,rwd,gas,10900.0
255,2006.0,Ford,f-150,lariat,,excellent,148000,8,custom,automatic,truck,clean,rwd,gas,10900.0
256,2017.0,Ram,1500,,,excellent,63279,8,grey,automatic,truck,clean,4wd,gas,27900.0
257,2017.0,Ram,1500,,,excellent,63279,8,grey,automatic,truck,clean,4wd,gas,27900.0
258,2014.0,chevrolet,silverado,1500,1GCNCPEH9EZ389762,good,101700,6,white,manual,truck,clean,fwd,gas,16288.0
259,2014.0,chevrolet,silverado,1500,1GCNCPEH9EZ389762,good,101700,6,white,manual,truck,clean,fwd,gas,16288.0
260,2000.0,chevrolet,Silverado,,,,235000,,,automatic,,clean,,gas,6700.0
261,2000.0,chevrolet,Silverado,,,,235000,,,automatic,,clean,,gas,6700.0
262,2005.0,sand,limo,,,,300,,,manual,,clean,,gas,36000.0
263,2005.0,sand,limo,,,,300,,,manual,,clean,,gas,36000.0
264,1987.0,Toyota,pickup,truck,,fair,145000,4,,manual,truck,clean,rwd,gas,4000.0
265,1987.0,Toyota,pickup,truck,,fair,145000,4,,manual,truck,clean,rwd,gas,4000.0
266,2018.0,Toyota,camry,le,JTNB11HK4J3061445,excellent,34000,4,black,automatic,,clean,fwd,gas,16999.0
267,2018.0,Toyota,camry,le,JTNB11HK4J3061445,excellent,34000,4,black,automatic,,clean,fwd,gas,16999.0
268,2004.0,Toyota,solara,,,,109000,,,automatic,,clean,,gas,5000.0
269,2004.0,Toyota,solara,,,,109000,,,automatic,,clean,,gas,5000.0
270,2003.0,subaru,legacy,,,good,237139,4,white,automatic,sedan,clean,4wd,gas,2300.0
271,2003.0,subaru,legacy,,,good,237139,4,white,automatic,sedan,clean,4wd,gas,2300.0
272,2019.0,Honda,accord,,IHGCV1F12KA059926,good,20010,4,grey,automatic,sedan,salvage,fwd,gas,17500.0
273,2019.0,Honda,accord,,IHGCV1F12KA059926,good,20010,4,grey,automatic,sedan,salvage,fwd,gas,17500.0
274,2019.0,Hyundai,ionic,,,excellent,21000,other,silver,other,sedan,clean,fwd,electric,21000.0
275,2019.0,Hyundai,ionic,,,excellent,21000,other,silver,other,sedan,clean,fwd,electric,21000.0
276,2004.0,Bmw,3,series,,good,119000,,blue,automatic,sedan,clean,rwd,gas,4000.0
277,2004.0,Bmw,3,series,,good,119000,,blue,automatic,sedan,clean,rwd,gas,4000.0
278,2007.0,Ford,crown,victoria,,excellent,132000,8,black,automatic,sedan,clean,rwd,gas,2500.0
279,2007.0,Ford,crown,victoria,,excellent,132000,8,black,automatic,sedan,clean,rwd,gas,2500.0
282,2008.0,mercedes,benz,s550,,excellent,74000,8,grey,automatic,sedan,clean,rwd,gas,14500.0
283,2008.0,mercedes,benz,s550,,excellent,74000,8,grey,automatic,sedan,clean,rwd,gas,14500.0
284,2007.0,Gmc,envoy,,,good,132000,,grey,automatic,SUV,salvage,,gas,4500.0
285,2007.0,Gmc,envoy,,,good,132000,,grey,automatic,SUV,salvage,,gas,4500.0
286,2001.0,Lexus,rx,300,,,217781,,,automatic,,clean,,gas,2800.0
287,2001.0,Lexus,rx,300,,,217781,,,automatic,,clean,,gas,2800.0
288,2000.0,Ford,mustang,,,good,90000,6,red,automatic,convertible,clean,rwd,gas,2300.0
289,2000.0,Ford,mustang,,,good,90000,6,red,automatic,convertible,clean,rwd,gas,2300.0
290,2007.0,Toyota,highlander,hybrid,,good,210000,6,white,automatic,SUV,clean,fwd,hybrid,4400.0
291,2007.0,Toyota,highlander,hybrid,,good,210000,6,white,automatic,SUV,clean,fwd,hybrid,4400.0
292,2018.0,Volkswagen,passat,,,like,26000,,red,automatic,sedan,clean,rwd,gas,19990.0
293,2018.0,Volkswagen,passat,,,like,26000,,red,automatic,sedan,clean,rwd,gas,19990.0
294,1986.0,chevrolet,silverado,,,good,78000,8,white,automatic,pickup,salvage,fwd,gas,10988.0
295,1986.0,chevrolet,silverado,,,good,78000,8,white,automatic,pickup,salvage,fwd,gas,10988.0
296,2013.0,nissan,cube,1.8,,excellent,45549,4,grey,automatic,,clean,fwd,gas,6300.0
297,2013.0,nissan,cube,1.8,,excellent,45549,4,grey,automatic,,clean,fwd,gas,6300.0
298,2008.0,Honda,accord,,,new,114150,4,grey,automatic,coupe,clean,fwd,gas,5700.0
299,2008.0,Honda,accord,,,new,114150,4,grey,automatic,coupe,clean,fwd,gas,5700.0
300,1997.0,Ford,explorer,1997,,new,180000,6,purple,automatic,truck,clean,fwd,gas,2000.0
301,1997.0,Ford,explorer,1997,,new,180000,6,purple,automatic,truck,clean,fwd,gas,2000.0
302,1965.0,Ford,mustang,,,excellent,1,8,black,automatic,,clean,rwd,gas,55000.0
303,1965.0,Ford,mustang,,,excellent,1,8,black,automatic,,clean,rwd,gas,55000.0
304,2001.0,Ford,expedition,,,good,175000,8,green,automatic,SUV,clean,rwd,gas,2500.0
305,2001.0,Ford,expedition,,,good,175000,8,green,automatic,SUV,clean,rwd,gas,2500.0
306,2004.0,Ford,crown,victoria,,fair,280000,8,,automatic,,clean,rwd,gas,1500.0
307,2004.0,Ford,crown,victoria,,fair,280000,8,,automatic,,clean,rwd,gas,1500.0
308,1996.0,Jeep,grand,cherokee,,fair,268163,6,grey,automatic,SUV,clean,fwd,gas,2500.0
309,1996.0,Jeep,grand,cherokee,,fair,268163,6,grey,automatic,SUV,clean,fwd,gas,2500.0
310,2009.0,Audi,a4,,,good,130000,4,grey,automatic,sedan,clean,4wd,gas,7000.0
311,2009.0,Audi,a4,,,good,130000,4,grey,automatic,sedan,clean,4wd,gas,7000.0
312,1987.0,Mercedes,560,sl,,like,140000,8,black,automatic,coupe,clean,,gas,19300.0
313,1987.0,Mercedes,560,sl,,like,140000,8,black,automatic,coupe,clean,,gas,19300.0
314,2002.0,Ford,focus,zx5,,good,243000,4,red,automatic,hatchback,clean,fwd,gas,2000.0
315,2002.0,Ford,focus,zx5,,good,243000,4,red,automatic,hatchback,clean,fwd,gas,2000.0
316,2000.0,chevrolet,2000,,,excellent,100000,6,white,automatic,,clean,rwd,gas,17500.0
317,2000.0,chevrolet,2000,,,excellent,100000,6,white,automatic,,clean,rwd,gas,17500.0
318,2007.0,Honda,accord,,,good,146785,4,,automatic,,lien,,gas,3600.0
319,2007.0,Honda,accord,,,good,146785,4,,automatic,,lien,,gas,3600.0
320,2009.0,Honda,accord,,,excellent,101960,4,,automatic,,salvage,,gas,5800.0
321,2009.0,Honda,accord,,,excellent,101960,4,,automatic,,salvage,,gas,5800.0
322,2007.0,chevrolet,silverado,1500,,good,160000,8,brown,automatic,pickup,clean,4wd,gas,14999.0
323,2007.0,chevrolet,silverado,1500,,good,160000,8,brown,automatic,pickup,clean,4wd,gas,14999.0
324,1999.0,chevrolet,silverado,,,,231000,8,white,automatic,,clean,,gas,1200.0
325,1999.0,chevrolet,silverado,,,,231000,8,white,automatic,,clean,,gas,1200.0
326,1990.0,dodge,Shadow,,,excellent,92000,4,blue,automatic,hatchback,clean,fwd,gas,2800.0
327,1990.0,dodge,Shadow,,,excellent,92000,4,blue,automatic,hatchback,clean,fwd,gas,2800.0
328,1993.0,mercedes,benz,190e,,,118000,,,automatic,sedan,clean,,gas,2200.0
329,1993.0,mercedes,benz,190e,,,118000,,,automatic,sedan,clean,,gas,2200.0
330,2003.0,Honda,Civic,LX,,good,179515,,grey,automatic,sedan,clean,,gas,2700.0
331,2003.0,Honda,Civic,LX,,good,179515,,grey,automatic,sedan,clean,,gas,2700.0
332,1999.0,Honda,civic,,,good,155000,4,red,manual,sedan,clean,fwd,gas,3800.0
333,1999.0,Honda,civic,,,good,155000,4,red,manual,sedan,clean,fwd,gas,3800.0
334,2015.0,Lexus,rx350,,,excellent,99059,,white,automatic,SUV,clean,,gas,16500.0
335,2015.0,Lexus,rx350,,,excellent,99059,,white,automatic,SUV,clean,,gas,16500.0
336,2015.0,Ford,focus,st,,excellent,65000,4,black,manual,hatchback,salvage,fwd,gas,9950.0
337,2015.0,Ford,focus,st,,excellent,65000,4,black,manual,hatchback,salvage,fwd,gas,9950.0
338,2002.0,Lincoln,Navigator,,,excellent,208000,8,white,automatic,SUV,clean,rwd,gas,2900.0
339,2002.0,Lincoln,Navigator,,,excellent,208000,8,white,automatic,SUV,clean,rwd,gas,2900.0
340,2009.0,Toyota,prius,2009,,good,122235,4,green,automatic,,clean,fwd,hybrid,3700.0
341,2009.0,Toyota,prius,2009,,good,122235,4,green,automatic,,clean,fwd,hybrid,3700.0
342,2009.0,Ford,mustang,,,excellent,97500,8,silver,manual,coupe,clean,rwd,gas,11700.0
343,2009.0,Ford,mustang,,,excellent,97500,8,silver,manual,coupe,clean,rwd,gas,11700.0
344,2020.0,nissan,rogue,sv,,excellent,15000,4,silver,automatic,SUV,clean,4wd,gas,18950.0
345,2020.0,nissan,rogue,sv,,excellent,15000,4,silver,automatic,SUV,clean,4wd,gas,18950.0
346,1997.0,pontiac,grand,prix,,fair,107300,,red,automatic,sedan,clean,,gas,2300.0
347,1997.0,pontiac,grand,prix,,fair,107300,,red,automatic,sedan,clean,,gas,2300.0
348,1995.0,Honda,accord,,,good,137000,4,silver,manual,coupe,clean,fwd,gas,2200.0
349,1995.0,Honda,accord,,,good,137000,4,silver,manual,coupe,clean,fwd,gas,2200.0
350,2013.0,dodge,grand,caravan,,excellent,48000,6,white,automatic,mini-van,clean,fwd,gas,9200.0
351,2013.0,dodge,grand,caravan,,excellent,48000,6,white,automatic,mini-van,clean,fwd,gas,9200.0
352,1993.0,Ford,F150,,,good,358000,6,black,automatic,pickup,clean,rwd,gas,400.0
353,1993.0,Ford,F150,,,good,358000,6,black,automatic,pickup,clean,rwd,gas,400.0
354,2008.0,Honda,Fit,Sport,,,120510,,orange,manual,hatchback,clean,,gas,3300.0
355,2008.0,Honda,Fit,Sport,,,120510,,orange,manual,hatchback,clean,,gas,3300.0
356,1982.0,chevrolet,k20,,,good,1000,8,yellow,automatic,pickup,clean,4wd,gas,25000.0
357,1982.0,chevrolet,k20,,,good,1000,8,yellow,automatic,pickup,clean,4wd,gas,25000.0
358,2013.0,Toyota,tacoma,4x4,3TMMU4FN9DM050995,excellent,85000,6,grey,automatic,truck,clean,4wd,gas,29500.0
359,2013.0,Toyota,tacoma,4x4,3TMMU4FN9DM050995,excellent,85000,6,grey,automatic,truck,clean,4wd,gas,29500.0
360,2013.0,Toyota,Prius,C,,excellent,183,4,white,automatic,hatchback,clean,4wd,hybrid,7600.0
361,2013.0,Toyota,Prius,C,,excellent,183,4,white,automatic,hatchback,clean,4wd,hybrid,7600.0
362,2003.0,Honda,Accord,EX,,good,208000,4,silver,automatic,sedan,clean,,gas,3200.0
363,2003.0,Honda,Accord,EX,,good,208000,4,silver,automatic,sedan,clean,,gas,3200.0
364,2005.0,infinity,g35,,,excellent,134986,6,blue,manual,coupe,clean,rwd,gas,6500.0
365,2005.0,infinity,g35,,,excellent,134986,6,blue,manual,coupe,clean,rwd,gas,6500.0
366,2014.0,mercedes,benz,e350,,like,19700,6,black,automatic,sedan,clean,4wd,gas,26500.0
367,2014.0,mercedes,benz,e350,,like,19700,6,black,automatic,sedan,clean,4wd,gas,26500.0
368,1999.0,Buick,Regal,LS,,excellent,110000,,,automatic,sedan,clean,,gas,3400.0
369,1999.0,Buick,Regal,LS,,excellent,110000,,,automatic,sedan,clean,,gas,3400.0
370,1996.0,cadillac,deville,,,like,67000,,white,automatic,,clean,,gas,5000.0
371,1996.0,cadillac,deville,,,like,67000,,white,automatic,,clean,,gas,5000.0
374,2007.0,Komatsu,PW160-7K,,,excellent,813,,,other,,clean,,other,63500.0
375,2007.0,Komatsu,PW160-7K,,,excellent,813,,,other,,clean,,other,63500.0
376,2004.0,cadillac,escalade,esv,,good,165874,8,black,automatic,SUV,clean,4wd,gas,4800.0
377,2004.0,cadillac,escalade,esv,,good,165874,8,black,automatic,SUV,clean,4wd,gas,4800.0
378,2010.0,volkswagen,beetle,,,like,106000,6,blue,automatic,other,clean,fwd,gas,4000.0
379,2010.0,volkswagen,beetle,,,like,106000,6,blue,automatic,other,clean,fwd,gas,4000.0
380,2003.0,Isuzu,npr,hd,,good,101422,,,automatic,,clean,,diesel,9300.0
381,2003.0,Isuzu,npr,hd,,good,101422,,,automatic,,clean,,diesel,9300.0
384,2001.0,Honda,CRV,,,good,200000,4,black,automatic,,clean,fwd,gas,
385,2001.0,Honda,CRV,,,good,200000,4,black,automatic,,clean,fwd,gas,
386,2007.0,Kia,rio,lx,,good,207819,4,white,automatic,sedan,clean,fwd,gas,1500.0
387,2007.0,Kia,rio,lx,,good,207819,4,white,automatic,sedan,clean,fwd,gas,1500.0
388,2003.0,chevrolet,silverado,,,,161755,,,automatic,,clean,,diesel,10500.0
389,2003.0,chevrolet,silverado,,,,161755,,,automatic,,clean,,diesel,10500.0
390,2014.0,Mazda,mazda3,i,JM1BM1U71E1198955,excellent,83434,4,grey,automatic,sedan,clean,fwd,gas,10000.0
391,2014.0,Mazda,mazda3,i,JM1BM1U71E1198955,excellent,83434,4,grey,automatic,sedan,clean,fwd,gas,10000.0
392,2006.0,saab,9-5,,,good,180393,,silver,automatic,wagon,clean,,gas,1800.0
393,2006.0,saab,9-5,,,good,180393,,silver,automatic,wagon,clean,,gas,1800.0
394,2000.0,nissan,altima,,,good,102000,4,brown,automatic,sedan,clean,fwd,gas,1800.0
395,2000.0,nissan,altima,,,good,102000,4,brown,automatic,sedan,clean,fwd,gas,1800.0
396,2000.0,Bmw,323i,,,good,117000,6,silver,automatic,sedan,clean,rwd,gas,3500.0
397,2000.0,Bmw,323i,,,good,117000,6,silver,automatic,sedan,clean,rwd,gas,3500.0
398,2006.0,Audi,a3,,,good,192000,4,black,automatic,hatchback,clean,fwd,gas,4000.0
399,2006.0,Audi,a3,,,good,192000,4,black,automatic,hatchback,clean,fwd,gas,4000.0
400,1993.0,Ford,Taurus,SHO,,good,141000,6,silver,automatic,sedan,clean,fwd,gas,2000.0
401,1993.0,Ford,Taurus,SHO,,good,141000,6,silver,automatic,sedan,clean,fwd,gas,2000.0
402,2012.0,Audi,a5,,,excellent,159501,4,blue,automatic,coupe,clean,fwd,gas,10900.0
403,2012.0,Audi,a5,,,excellent,159501,4,blue,automatic,coupe,clean,fwd,gas,10900.0
404,2014.0,Ram,1500,,1C6RR6FG0ES190079,excellent,76000,6,white,automatic,truck,clean,rwd,gas,17250.0
405,2014.0,Ram,1500,,1C6RR6FG0ES190079,excellent,76000,6,white,automatic,truck,clean,rwd,gas,17250.0
406,2005.0,chevrolet,silverado,,,,189000,8,white,manual,,clean,,diesel,7300.0
407,2005.0,chevrolet,silverado,,,,189000,8,white,manual,,clean,,diesel,7300.0
408,1987.0,Mercedes,560,sl,,like,140000,8,black,automatic,coupe,clean,,gas,19300.0
409,1987.0,Mercedes,560,sl,,like,140000,8,black,automatic,coupe,clean,,gas,19300.0
410,2012.0,Toyota,tacoma,,,good,95000,,,automatic,truck,clean,4wd,gas,23000.0
411,2012.0,Toyota,tacoma,,,good,95000,,,automatic,truck,clean,4wd,gas,23000.0
412,2007.0,Isuzu,gmc,,,excellent,239000,4,white,automatic,truck,clean,rwd,diesel,7900.0
413,2007.0,Isuzu,gmc,,,excellent,239000,4,white,automatic,truck,clean,rwd,diesel,7900.0
414,2007.0,Shelby,GT,,,new,3016,8,black,manual,coupe,clean,rwd,gas,35900.0
415,2007.0,Shelby,GT,,,new,3016,8,black,manual,coupe,clean,rwd,gas,35900.0
416,2008.0,Ford,ranger,,,excellent,130000,6,custom,manual,pickup,clean,4wd,gas,13000.0
417,2008.0,Ford,ranger,,,excellent,130000,6,custom,manual,pickup,clean,4wd,gas,13000.0
418,2007.0,Lexus,RX400H,,,good,173900,6,grey,automatic,SUV,clean,4wd,gas,6200.0
419,2007.0,Lexus,RX400H,,,good,173900,6,grey,automatic,SUV,clean,4wd,gas,6200.0
420,2006.0,volkswagen,jetta,,,excellent,180000,4,red,manual,sedan,clean,fwd,diesel,3900.0
421,2006.0,volkswagen,jetta,,,excellent,180000,4,red,manual,sedan,clean,fwd,diesel,3900.0
422,2006.0,Bmw,330i,,,excellent,71000,6,silver,automatic,sedan,clean,rwd,gas,11000.0
423,2006.0,Bmw,330i,,,excellent,71000,6,silver,automatic,sedan,clean,rwd,gas,11000.0
424,2007.0,Bmw,525i,,WBANE53577CW61705,excellent,197900,6,grey,automatic,sedan,clean,,gas,6500.0
425,2007.0,Bmw,525i,,WBANE53577CW61705,excellent,197900,6,grey,automatic,sedan,clean,,gas,6500.0
426,2010.0,Bmw,328xi,,WBAPK7C55AA462071,good,102067,6,blue,automatic,sedan,clean,4wd,gas,8000.0
427,2010.0,Bmw,328xi,,WBAPK7C55AA462071,good,102067,6,blue,automatic,sedan,clean,4wd,gas,8000.0
428,2008.0,Toyota,Tacoma,,,excellent,124000,6,silver,automatic,truck,clean,rwd,gas,18000.0
429,2008.0,Toyota,Tacoma,,,excellent,124000,6,silver,automatic,truck,clean,rwd,gas,18000.0
430,2009.0,Ford,edge,,2FMDK36C59BA69935,fair,112000,4,silver,automatic,SUV,clean,fwd,gas,3000.0
431,2009.0,Ford,edge,,2FMDK36C59BA69935,fair,112000,4,silver,automatic,SUV,clean,fwd,gas,3000.0
432,2004.0,Honda,accord,,,good,220183,6,black,automatic,sedan,salvage,fwd,gas,2850.0
433,2004.0,Honda,accord,,,good,220183,6,black,automatic,sedan,salvage,fwd,gas,2850.0
434,2014.0,Volkswagen,Jetta,,,excellent,150000,4,red,manual,sedan,clean,fwd,gas,5500.0
435,2014.0,Volkswagen,Jetta,,,excellent,150000,4,red,manual,sedan,clean,fwd,gas,5500.0
436,2004.0,Gmc,sierra,2500hd,,good,200000,8,black,automatic,truck,clean,4wd,diesel,19000.0
437,2004.0,Gmc,sierra,2500hd,,good,200000,8,black,automatic,truck,clean,4wd,diesel,19000.0
438,2001.0,chevrolet,silverado,,,good,191069,8,,automatic,,clean,,gas,8200.0
439,2001.0,chevrolet,silverado,,,good,191069,8,,automatic,,clean,,gas,8200.0
440,1995.0,Ford,aerostar,,,excellent,92000,8,white,automatic,van,clean,rwd,gas,4500.0
441,1995.0,Ford,aerostar,,,excellent,92000,8,white,automatic,van,clean,rwd,gas,4500.0
444,2009.0,Bmw,335i,,,excellent,123000,6,,automatic,convertible,clean,,gas,8000.0
445,2009.0,Bmw,335i,,,excellent,123000,6,,automatic,convertible,clean,,gas,8000.0
446,2000.0,chevrolet,G3500,Box,,fair,160483,8,white,automatic,other,clean,fwd,gas,3500.0
447,2000.0,chevrolet,G3500,Box,,fair,160483,8,white,automatic,other,clean,fwd,gas,3500.0
448,2002.0,Mazda,tribute,,,excellent,140000,6,silver,automatic,SUV,clean,fwd,gas,4500.0
449,2002.0,Mazda,tribute,,,excellent,140000,6,silver,automatic,SUV,clean,fwd,gas,4500.0
450,2004.0,dodge,ram,2500,,,365000,,,automatic,,clean,,diesel,13500.0
451,2004.0,dodge,ram,2500,,,365000,,,automatic,,clean,,diesel,13500.0
452,2004.0,Gmc,yukon,,,good,144000,8,blue,automatic,SUV,clean,4wd,gas,7000.0
453,2004.0,Gmc,yukon,,,good,144000,8,blue,automatic,SUV,clean,4wd,gas,7000.0
456,2011.0,Ford,E450,dorado,,good,290,,,automatic,bus,clean,,gas,8850.0
457,2011.0,Ford,E450,dorado,,good,290,,,automatic,bus,clean,,gas,8850.0
458,2004.0,Honda,Accord,,,excellent,100400,,,automatic,,salvage,,gas,3400.0
459,2004.0,Honda,Accord,,,excellent,100400,,,automatic,,salvage,,gas,3400.0
460,2006.0,Honda,civic,,,excellent,159000,4,,automatic,,salvage,,gas,3100.0
461,2006.0,Honda,civic,,,excellent,159000,4,,automatic,,salvage,,gas,3100.0
462,2004.0,Monte,Carlo,Intimidator,,excellent,80000,6,black,automatic,coupe,clean,fwd,gas,8000.0
463,2004.0,Monte,Carlo,Intimidator,,excellent,80000,6,black,automatic,coupe,clean,fwd,gas,8000.0
464,2000.0,Lexus,ES,3000,,excellent,209827,6,silver,automatic,sedan,clean,,gas,2900.0
465,2000.0,Lexus,ES,3000,,excellent,209827,6,silver,automatic,sedan,clean,,gas,2900.0
466,2009.0,land,rover,range,,excellent,148500,8,blue,automatic,SUV,clean,4wd,gas,9500.0
467,2009.0,land,rover,range,,excellent,148500,8,blue,automatic,SUV,clean,4wd,gas,9500.0
468,2009.0,Honda,accord,,,excellent,100700,,,automatic,,salvage,,gas,4800.0
469,2009.0,Honda,accord,,,excellent,100700,,,automatic,,salvage,,gas,4800.0
470,2002.0,chevrolet,express,3500,,good,186000,8,yellow,automatic,bus,clean,rwd,diesel,5200.0
471,2002.0,chevrolet,express,3500,,good,186000,8,yellow,automatic,bus,clean,rwd,diesel,5200.0
472,2007.0,Ford,ranger,,,good,234000,6,white,manual,pickup,clean,fwd,gas,4000.0
473,2007.0,Ford,ranger,,,good,234000,6,white,manual,pickup,clean,fwd,gas,4000.0
474,2015.0,Lexus,rx,350,2T2ZK1BA6FC192483,excellent,36900,6,white,automatic,SUV,clean,fwd,gas,27500.0
475,2015.0,Lexus,rx,350,2T2ZK1BA6FC192483,excellent,36900,6,white,automatic,SUV,clean,fwd,gas,27500.0
476,2002.0,volkswagen,beetle,,,fair,123000,4,green,automatic,,clean,,gas,1200.0
477,2002.0,volkswagen,beetle,,,fair,123000,4,green,automatic,,clean,,gas,1200.0
478,1966.0,Volkswagen,beetle,,,excellent,10200,4,red,manual,coupe,clean,rwd,gas,14000.0
479,1966.0,Volkswagen,beetle,,,excellent,10200,4,red,manual,coupe,clean,rwd,gas,14000.0
480,1978.0,Ford,f150,super,,excellent,88500,8,,automatic,truck,clean,4wd,gas,25750.0
481,1978.0,Ford,f150,super,,excellent,88500,8,,automatic,truck,clean,4wd,gas,25750.0
482,2016.0,Honda,hrv,,,excellent,78400,4,green,automatic,SUV,salvage,fwd,gas,11800.0
483,2016.0,Honda,hrv,,,excellent,78400,4,green,automatic,SUV,salvage,fwd,gas,11800.0
484,2007.0,Lexus,RX400H,,,good,173500,6,grey,automatic,SUV,clean,4wd,gas,6500.0
485,2007.0,Lexus,RX400H,,,good,173500,6,grey,automatic,SUV,clean,4wd,gas,6500.0
486,2004.0,subaru,impreza,wrx,,fair,200344,4,silver,automatic,wagon,clean,4wd,gas,4000.0
487,2004.0,subaru,impreza,wrx,,fair,200344,4,silver,automatic,wagon,clean,4wd,gas,4000.0
488,2019.0,Ford,Transit,Connect,NMOGE9G24K1400343,like,10600,4,grey,automatic,,lien,,gas,40995.0
489,2019.0,Ford,Transit,Connect,NMOGE9G24K1400343,like,10600,4,grey,automatic,,lien,,gas,40995.0
490,2017.0,chrysler,pacifica,touring,2C4RC1BG6HR851252,like,1200,6,brown,automatic,mini-van,clean,fwd,gas,59500.0
491,2017.0,chrysler,pacifica,touring,2C4RC1BG6HR851252,like,1200,6,brown,automatic,mini-van,clean,fwd,gas,59500.0
492,2007.0,nissan,versa,,,good,140281,4,brown,automatic,sedan,clean,fwd,gas,2800.0
493,2007.0,nissan,versa,,,good,140281,4,brown,automatic,sedan,clean,fwd,gas,2800.0
494,1930.0,Ford,Model,A,,excellent,4000,8,custom,automatic,coupe,clean,,gas,55000.0
495,1930.0,Ford,Model,A,,excellent,4000,8,custom,automatic,coupe,clean,,gas,55000.0
496,2000.0,Gmc,yukon,,,good,300000,8,white,automatic,SUV,clean,4wd,gas,2500.0
497,2000.0,Gmc,yukon,,,good,300000,8,white,automatic,SUV,clean,4wd,gas,2500.0
498,2006.0,Toyota,highlander,limited,,excellent,224000,,,automatic,,clean,,gas,3000.0
499,2006.0,Toyota,highlander,limited,,excellent,224000,,,automatic,,clean,,gas,3000.0
500,2015.0,dodge,Amerivan,,,good,26277,,grey,automatic,mini-van,rebuilt,,gas,30000.0
501,2015.0,dodge,Amerivan,,,good,26277,,grey,automatic,mini-van,rebuilt,,gas,30000.0
502,2014.0,Lexus,is,250,,good,61000,6,grey,automatic,sedan,clean,rwd,gas,22000.0
503,2014.0,Lexus,is,250,,good,61000,6,grey,automatic,sedan,clean,rwd,gas,22000.0
504,2016.0,Volkswagen,gti,4dr,,excellent,76800,4,white,automatic,hatchback,clean,fwd,gas,15900.0
505,2016.0,Volkswagen,gti,4dr,,excellent,76800,4,white,automatic,hatchback,clean,fwd,gas,15900.0
506,1990.0,dodge,Shadow,,,excellent,92000,4,blue,automatic,hatchback,clean,fwd,gas,2995.0
507,1990.0,dodge,Shadow,,,excellent,92000,4,blue,automatic,hatchback,clean,fwd,gas,2995.0
508,2007.0,Subaru,Impreza,,JF1GG61657H812394,good,154135,4,grey,automatic,wagon,clean,4wd,gas,6000.0
509,2007.0,Subaru,Impreza,,JF1GG61657H812394,good,154135,4,grey,automatic,wagon,clean,4wd,gas,6000.0
510,2008.0,chrysler,sebring,,,good,80000,,,automatic,,clean,,gas,2750.0
511,2008.0,chrysler,sebring,,,good,80000,,,automatic,,clean,,gas,2750.0
512,2002.0,Ford,focus,,,,152500,,,automatic,,clean,,gas,2500.0
513,2002.0,Ford,focus,,,,152500,,,automatic,,clean,,gas,2500.0
514,2013.0,Ford,f150,,,excellent,87000,8,grey,automatic,truck,clean,rwd,gas,15000.0
515,2013.0,Ford,f150,,,excellent,87000,8,grey,automatic,truck,clean,rwd,gas,15000.0
518,2008.0,Pontiac,G5,,,salvage,150000,4,grey,automatic,coupe,salvage,fwd,gas,350.0
519,2008.0,Pontiac,G5,,,salvage,150000,4,grey,automatic,coupe,salvage,fwd,gas,350.0
520,1999.0,Ford,expedition,xlt,,good,75000,8,brown,automatic,SUV,clean,4wd,gas,3499.0
521,1999.0,Ford,expedition,xlt,,good,75000,8,brown,automatic,SUV,clean,4wd,gas,3499.0
522,2005.0,pontiac,grand,prix,,good,150000,,,automatic,,salvage,,gas,2000.0
523,2005.0,pontiac,grand,prix,,good,150000,,,automatic,,salvage,,gas,2000.0
526,2009.0,Honda,accord,ex,,like,146944,4,grey,automatic,,rebuilt,,gas,5900.0
527,2009.0,Honda,accord,ex,,like,146944,4,grey,automatic,,rebuilt,,gas,5900.0
528,2001.0,Porsche,911,Carrara,,excellent,72504,6,black,manual,convertible,clean,fwd,gas,25000.0
529,2001.0,Porsche,911,Carrara,,excellent,72504,6,black,manual,convertible,clean,fwd,gas,25000.0
530,2015.0,volkswagen,jetta,,,like,72000,4,silver,automatic,,clean,,gas,9750.0
531,2015.0,volkswagen,jetta,,,like,72000,4,silver,automatic,,clean,,gas,9750.0
532,2005.0,Ford,f450,4x4,,,201000,,,automatic,,clean,,diesel,15000.0
533,2005.0,Ford,f450,4x4,,,201000,,,automatic,,clean,,diesel,15000.0
534,2000.0,subaru,forester,,,,207000,4,,manual,,clean,,gas,2500.0
535,2000.0,subaru,forester,,,,207000,4,,manual,,clean,,gas,2500.0
536,2000.0,Crown,Victoria,,,excellent,139000,8,red,automatic,sedan,clean,rwd,gas,3800.0
537,2000.0,Crown,Victoria,,,excellent,139000,8,red,automatic,sedan,clean,rwd,gas,3800.0
540,2012.0,Ford,fusion,sport,,excellent,158000,6,white,automatic,sedan,clean,,gas,5300.0
541,2012.0,Ford,fusion,sport,,excellent,158000,6,white,automatic,sedan,clean,,gas,5300.0
542,1999.0,Ford,f-250,,,excellent,89000,8,white,automatic,truck,clean,,other,5500.0
543,1999.0,Ford,f-250,,,excellent,89000,8,white,automatic,truck,clean,,other,5500.0
544,2007.0,Gmc,sierra,1500,,excellent,169000,6,,automatic,truck,clean,,gas,7000.0
545,2007.0,Gmc,sierra,1500,,excellent,169000,6,,automatic,truck,clean,,gas,7000.0
546,2001.0,Jeep,cherokee,sport,,excellent,138631,6,grey,automatic,SUV,clean,rwd,gas,5500.0
547,2001.0,Jeep,cherokee,sport,,excellent,138631,6,grey,automatic,SUV,clean,rwd,gas,5500.0
548,2002.0,Lexus,300sc,,,excellent,112000,6,silver,automatic,coupe,clean,fwd,gas,5000.0
549,2002.0,Lexus,300sc,,,excellent,112000,6,silver,automatic,coupe,clean,fwd,gas,5000.0
550,2005.0,Honda,CIVIC,,,excellent,242000,,,automatic,,clean,,gas,2800.0
551,2005.0,Honda,CIVIC,,,excellent,242000,,,automatic,,clean,,gas,2800.0
552,1987.0,Mercedes,560,sl,,like,140000,8,black,automatic,coupe,clean,,gas,19300.0
553,1987.0,Mercedes,560,sl,,like,140000,8,black,automatic,coupe,clean,,gas,19300.0
554,2005.0,Honda,element,,,excellent,206000,,,automatic,,clean,4wd,gas,5000.0
555,2005.0,Honda,element,,,excellent,206000,,,automatic,,clean,4wd,gas,5000.0
556,2008.0,Toyota,prius,,JTDKB20U883321943,good,182000,,red,automatic,sedan,clean,fwd,gas,4500.0
557,2008.0,Toyota,prius,,JTDKB20U883321943,good,182000,,red,automatic,sedan,clean,fwd,gas,4500.0
558,1988.0,Nissan,Pulsar,NX,,good,75204,4,white,automatic,hatchback,clean,fwd,gas,5200.0
559,1988.0,Nissan,Pulsar,NX,,good,75204,4,white,automatic,hatchback,clean,fwd,gas,5200.0
560,1996.0,Gmc,suburban,,,,100000,8,brown,automatic,SUV,clean,4wd,gas,1000.0
561,1996.0,Gmc,suburban,,,,100000,8,brown,automatic,SUV,clean,4wd,gas,1000.0
562,1962.0,chevrolet,stepside,c10,,good,300,6,yellow,manual,,clean,rwd,gas,8500.0
563,1962.0,chevrolet,stepside,c10,,good,300,6,yellow,manual,,clean,rwd,gas,8500.0
566,2008.0,lincoln,mkx,,,good,159000,,red,automatic,SUV,clean,fwd,gas,5000.0
567,2008.0,lincoln,mkx,,,good,159000,,red,automatic,SUV,clean,fwd,gas,5000.0
568,1967.0,Chevelle,SS,,,excellent,4333,8,red,manual,sedan,clean,rwd,gas,50000.0
569,1967.0,Chevelle,SS,,,excellent,4333,8,red,manual,sedan,clean,rwd,gas,50000.0
570,2007.0,Lexus,RX400H,,,good,173500,6,grey,automatic,SUV,clean,4wd,gas,6500.0
571,2007.0,Lexus,RX400H,,,good,173500,6,grey,automatic,SUV,clean,4wd,gas,6500.0
572,2003.0,Toyota,4runner,,JTEZT17R430006862,good,210000,,grey,manual,SUV,clean,rwd,gas,6000.0
573,2003.0,Toyota,4runner,,JTEZT17R430006862,good,210000,,grey,manual,SUV,clean,rwd,gas,6000.0
574,2013.0,hyundai,sonata,gls,,excellent,139,4,brown,automatic,sedan,clean,fwd,gas,5700.0
575,2013.0,hyundai,sonata,gls,,excellent,139,4,brown,automatic,sedan,clean,fwd,gas,5700.0
576,2005.0,volkswagen,beetle,,,good,162432,4,blue,automatic,convertible,clean,fwd,gas,1675.0
577,2005.0,volkswagen,beetle,,,good,162432,4,blue,automatic,convertible,clean,fwd,gas,1675.0
578,2015.0,chrysler,200,,,excellent,54420,4,black,automatic,sedan,clean,fwd,gas,9250.0
579,2015.0,chrysler,200,,,excellent,54420,4,black,automatic,sedan,clean,fwd,gas,9250.0
580,2008.0,Ford,Edge,,,good,149000,6,brown,automatic,SUV,clean,fwd,gas,6000.0
581,2008.0,Ford,Edge,,,good,149000,6,brown,automatic,SUV,clean,fwd,gas,6000.0
582,1990.0,dodge,Shadow,,,excellent,92000,4,blue,automatic,hatchback,clean,fwd,gas,3000.0
583,1990.0,dodge,Shadow,,,excellent,92000,4,blue,automatic,hatchback,clean,fwd,gas,3000.0
584,1999.0,Honda,civic,,,excellent,233000,4,black,automatic,coupe,clean,fwd,gas,2500.0
585,1999.0,Honda,civic,,,excellent,233000,4,black,automatic,coupe,clean,fwd,gas,2500.0
588,2004.0,dodge,dakota,,,good,108000,6,white,automatic,truck,clean,rwd,gas,6000.0
589,2004.0,dodge,dakota,,,good,108000,6,white,automatic,truck,clean,rwd,gas,6000.0
590,2016.0,Jeep,Patriot,,,good,91700,,black,automatic,,clean,,gas,13000.0
591,2016.0,Jeep,Patriot,,,good,91700,,black,automatic,,clean,,gas,13000.0
592,2009.0,Honda,Accord,ex-l,,excellent,238000,6,white,automatic,sedan,clean,fwd,gas,5888.0
593,2009.0,Honda,Accord,ex-l,,excellent,238000,6,white,automatic,sedan,clean,fwd,gas,5888.0
594,2014.0,Gmc,sierra,1500,,excellent,57192,6,blue,automatic,truck,clean,4wd,gas,35000.0
595,2014.0,Gmc,sierra,1500,,excellent,57192,6,blue,automatic,truck,clean,4wd,gas,35000.0
